"name","x","y"
1,1,1
1,2,44
1,3,15
1,4,12
1,5,34
1,6,50
1,7,24
1,8,57
1,9,73
1,10,62
1,11,21
1,12,18
1,13,48
1,14,54
1,15,35
1,16,40
1,17,19
1,18,42
1,19,65
1,20,60
1,21,65
1,22,31
1,23,1
1,24,45
1,25,43
1,26,67
1,27,43
1,28,37
1,29,14
1,30,4
1,31,12
1,32,29
1,33,53
1,34,27
1,35,72
1,36,33
1,37,71
1,38,37
1,39,1
1,40,8
1,41,39
1,42,25
1,43,10
1,44,66
1,45,22
1,46,15
1,47,49
1,48,62
1,49,7
1,50,69
1,51,32
1,52,32
1,53,18
1,54,68
1,55,21
1,56,31
1,57,12
1,58,10
1,59,18
1,60,54
1,61,70
1,62,74
1,63,16
1,64,37
1,65,35
1,66,42
1,67,48
1,68,43
1,69,14
1,70,63
1,71,1
1,72,42
1,73,72
1,74,10
1,75,72
1,76,20
1,77,45
1,78,30
1,79,59
1,80,24
1,81,21
1,82,27
1,83,6
1,84,71
1,85,12
1,86,32
1,87,33
1,88,60
1,89,64
1,90,66
1,91,19
1,92,2
1,93,25
1,94,7
1,95,6
1,96,13
1,97,67
1,98,9
1,99,63
1,100,40
1,101,26
1,102,46
1,103,40
1,104,37
1,105,66
1,106,33
1,107,28
1,108,53
1,109,29
1,110,46
1,111,41
1,112,36
1,113,53
1,114,49
1,115,12
1,116,73
1,117,28
1,118,59
1,119,9
1,120,64
1,121,20
1,122,30
1,123,47
1,124,61
1,125,43
1,126,65
1,127,29
1,128,30
1,129,11
1,130,3
1,131,30
1,132,33
1,133,48
1,134,72
1,135,50
1,136,3
1,137,15
1,138,24
1,139,72
1,140,51
1,141,57
1,142,61
1,143,23
1,144,63
1,145,45
1,146,28
1,147,34
1,148,23
1,149,70
1,150,56
1,151,47
1,152,62
1,153,7
1,154,21
1,155,21
1,156,3
1,157,49
1,158,66
1,159,6
1,160,64
1,161,16
1,162,20
1,163,18
1,164,12
1,165,17
1,166,70
1,167,31
2,1,3
2,2,11
2,3,10
2,4,1
2,5,12
2,6,23
2,7,4
2,8,11
2,9,23
2,10,3
2,11,15
2,12,8
2,13,10
2,14,10
2,15,14
2,16,2
2,17,11
2,18,16
2,19,6
2,20,13
2,21,23
2,22,11
2,23,18
2,24,6
2,25,14
2,26,1
2,27,9
2,28,12
2,29,23
2,30,22
2,31,13
2,32,11
2,33,4
2,34,13
2,35,6
2,36,14
2,37,8
2,38,16
2,39,14
2,40,19
2,41,11
2,42,16
2,43,7
2,44,16
2,45,24
2,46,18
2,47,15
2,48,5
2,49,12
2,50,15
2,51,5
2,52,3
2,53,4
2,54,23
2,55,19
2,56,6
2,57,15
2,58,16
2,59,3
2,60,9
2,61,15
2,62,21
2,63,13
2,64,4
2,65,18
2,66,17
2,67,1
2,68,4
2,69,16
2,70,16
2,71,21
2,72,19
2,73,16
2,74,23
2,75,8
2,76,18
2,77,21
2,78,18
2,79,5
2,80,6
2,81,14
2,82,1
2,83,5
2,84,20
2,85,5
2,86,16
2,87,24
2,88,6
2,89,11
2,90,8
2,91,4
2,92,8
2,93,22
2,94,4
2,95,5
2,96,14
2,97,15
2,98,14
2,99,21
2,100,18
2,101,17
2,102,8
2,103,18
2,104,10
2,105,6
2,106,4
2,107,11
2,108,3
2,109,5
2,110,7
2,111,8
2,112,22
2,113,16
2,114,23
2,115,13
2,116,18
2,117,8
2,118,9
2,119,18
2,120,20
2,121,12
2,122,5
2,123,24
2,124,8
2,125,4
2,126,7
2,127,6
2,128,20
2,129,17
2,130,9
2,131,22
2,132,14
2,133,19
2,134,20
2,135,3
2,136,5
2,137,20
2,138,21
2,139,15
2,140,3
2,141,13
2,142,20
2,143,8
2,144,4
2,145,17
2,146,18
2,147,24
2,148,11
2,149,15
2,150,2
2,151,3
2,152,20
2,153,16
2,154,4
2,155,4
2,156,11
2,157,10
2,158,5
2,159,6
2,160,23
2,161,17
2,162,4
2,163,24
2,164,5
2,165,22
2,166,24
2,167,24
2,168,15
2,169,20
2,170,9
2,171,12
2,172,20
2,173,4
2,174,8
2,175,21
2,176,3
2,177,21
2,178,5
2,179,17
2,180,19
2,181,23
2,182,16
2,183,1
2,184,17
2,185,16
2,186,16
2,187,12
2,188,2
2,189,13
2,190,3
2,191,9
2,192,4
2,193,13
2,194,2
2,195,17
2,196,12
2,197,14
2,198,2
2,199,18
2,200,10
2,201,5
2,202,2
2,203,20
2,204,21
2,205,2
2,206,20
2,207,10
2,208,24
2,209,18
2,210,5
2,211,13
2,212,24
2,213,2
2,214,7
2,215,18
2,216,23
2,217,17
2,218,15
2,219,8
2,220,9
2,221,15
2,222,18
2,223,1
2,224,19
2,225,13
2,226,10
2,227,21
2,228,1
2,229,19
2,230,17
2,231,4
2,232,23
2,233,3
2,234,2
2,235,3
2,236,12
2,237,22
2,238,23
2,239,5
2,240,4
2,241,20
2,242,2
2,243,16
2,244,11
2,245,8
2,246,13
2,247,9
2,248,5
2,249,23
2,250,22
2,251,9
2,252,7
2,253,5
2,254,12
2,255,18
2,256,9
2,257,23
2,258,15
2,259,8
2,260,14
2,261,21
2,262,17
2,263,24
2,264,19
2,265,5
2,266,5
2,267,23
2,268,1
2,269,22
2,270,19
2,271,7
2,272,8
2,273,8
2,274,24
2,275,13
2,276,6
2,277,16
2,278,21
2,279,19
2,280,8
2,281,4
2,282,6
2,283,3
2,284,3
2,285,24
2,286,9
2,287,11
2,288,3
2,289,17
2,290,9
2,291,18
2,292,24
2,293,4
2,294,2
2,295,5
2,296,17
2,297,17
2,298,12
2,299,15
2,300,15
2,301,20
2,302,16
2,303,15
2,304,16
2,305,3
2,306,22
2,307,9
2,308,23
2,309,17
2,310,11
2,311,22
2,312,23
2,313,13
2,314,10
2,315,6
2,316,20
2,317,22
2,318,24
2,319,17
2,320,18
2,321,21
2,322,23
2,323,6
2,324,5
2,325,3
2,326,11
2,327,5
2,328,22
2,329,9
2,330,9
2,331,4
2,332,17
2,333,16
2,334,19
2,335,3
2,336,20
2,337,20
2,338,4
2,339,18
2,340,14
2,341,8
2,342,1
2,343,17
2,344,23
2,345,16
2,346,24
2,347,13
2,348,13
2,349,8
2,350,7
2,351,1
2,352,6
2,353,2
2,354,16
2,355,11
2,356,20
2,357,19
2,358,9
2,359,13
2,360,15
2,361,15
2,362,2
2,363,16
2,364,20
2,365,24
2,366,11
2,367,23
2,368,14
2,369,8
2,370,6
2,371,17
2,372,3
2,373,8
2,374,22
2,375,15
2,376,6
2,377,21
2,378,9
2,379,10
2,380,8
2,381,19
2,382,22
2,383,10
2,384,18
2,385,7
2,386,12
2,387,20
2,388,21
2,389,22
2,390,19
2,391,20
2,392,19
2,393,5
2,394,20
2,395,14
2,396,23
2,397,7
2,398,8
2,399,9
2,400,22
2,401,5
2,402,9
2,403,9
2,404,17
2,405,12
2,406,20
2,407,12
2,408,21
2,409,5
2,410,16
2,411,15
2,412,6
2,413,8
2,414,20
2,415,5
2,416,19
2,417,22
2,418,4
2,419,7
2,420,21
2,421,9
2,422,23
2,423,5
2,424,20
2,425,2
2,426,17
2,427,23
2,428,7
2,429,24
2,430,15
2,431,16
2,432,9
2,433,22
2,434,10
2,435,10
2,436,18
2,437,2
2,438,14
2,439,4
2,440,10
2,441,9
2,442,16
2,443,7
2,444,21
2,445,19
2,446,5
2,447,13
2,448,21
2,449,17
2,450,24
2,451,3
2,452,24
2,453,22
2,454,15
2,455,14
2,456,3
2,457,20
2,458,6
2,459,16
2,460,6
2,461,15
2,462,23
2,463,24
2,464,13
2,465,2
2,466,7
2,467,24
2,468,9
2,469,3
2,470,8
2,471,12
2,472,5
2,473,22
2,474,13
2,475,21
2,476,7
2,477,16
2,478,4
2,479,9
2,480,16
2,481,19
2,482,9
2,483,3
2,484,3
2,485,13
2,486,23
2,487,15
2,488,5
2,489,10
2,490,16
2,491,16
2,492,13
2,493,23
2,494,19
2,495,16
2,496,1
2,497,2
2,498,14
2,499,19
2,500,19
2,501,24
2,502,5
2,503,3
2,504,21
2,505,5
2,506,23
2,507,10
2,508,15
2,509,13
2,510,11
2,511,12
2,512,15
2,513,12
2,514,2
2,515,10
2,516,24
2,517,2
2,518,15
2,519,7
2,520,19
2,521,17
2,522,4
2,523,19
2,524,4
2,525,11
2,526,17
2,527,16
2,528,22
2,529,24
2,530,1
2,531,18
2,532,17
2,533,16
2,534,6
2,535,10
2,536,19
2,537,20
2,538,21
2,539,11
2,540,15
2,541,22
2,542,7
2,543,10
2,544,1
2,545,7
2,546,3
2,547,5
2,548,2
2,549,4
2,550,5
2,551,16
2,552,22
2,553,14
2,554,22
2,555,23
2,556,6
2,557,7
2,558,19
2,559,14
2,560,22
2,561,20
2,562,7
2,563,9
2,564,8
2,565,23
2,566,7
2,567,5
2,568,2
2,569,21
2,570,7
2,571,7
2,572,21
2,573,9
2,574,1
2,575,12
2,576,21
2,577,9
2,578,4
2,579,13
2,580,20
2,581,20
2,582,20
2,583,17
2,584,10
2,585,23
2,586,21
2,587,19
2,588,5
2,589,24
2,590,2
2,591,20
2,592,4
2,593,6
2,594,2
2,595,7
2,596,9
2,597,4
2,598,8
2,599,17
2,600,17
2,601,16
2,602,2
2,603,24
2,604,2
2,605,6
2,606,2
2,607,8
2,608,19
2,609,15
2,610,2
2,611,4
2,612,10
2,613,17
2,614,4
2,615,4
2,616,10
2,617,15
2,618,24
2,619,1
2,620,15
2,621,19
2,622,10
2,623,22
2,624,3
2,625,3
2,626,21
2,627,21
2,628,5
2,629,3
2,630,5
2,631,5
2,632,15
2,633,2
2,634,11
2,635,2
2,636,6
2,637,12
2,638,2
2,639,7
2,640,13
2,641,12
2,642,3
2,643,10
2,644,3
2,645,17
2,646,7
2,647,21
2,648,15
2,649,21
2,650,2
2,651,22
2,652,10
2,653,15
2,654,23
2,655,9
2,656,21
2,657,19
2,658,22
2,659,22
2,660,1
2,661,21
2,662,16
2,663,2
2,664,1
2,665,7
2,666,14
2,667,10
2,668,6
2,669,20
2,670,3
2,671,22
2,672,20
2,673,2
2,674,7
2,675,22
2,676,16
2,677,13
2,678,22
2,679,6
2,680,5
2,681,13
2,682,18
2,683,3
2,684,6
2,685,2
2,686,15
2,687,5
2,688,22
2,689,21
2,690,5
2,691,10
2,692,7
2,693,9
2,694,7
2,695,7
2,696,3
2,697,16
2,698,6
2,699,17
2,700,20
2,701,23
2,702,20
2,703,9
2,704,13
2,705,18
2,706,4
2,707,3
2,708,24
2,709,14
2,710,13
2,711,20
2,712,17
2,713,14
2,714,22
2,715,4
2,716,22
2,717,9
2,718,19
2,719,21
2,720,24
2,721,22
2,722,7
2,723,4
2,724,8
2,725,17
2,726,14
2,727,8
2,728,13
2,729,24
2,730,1
2,731,6
2,732,17
2,733,22
2,734,8
2,735,23
2,736,23
2,737,13
2,738,7
2,739,17
2,740,5
2,741,14
2,742,2
2,743,19
2,744,21
2,745,15
3,1,19
3,2,5
3,3,47
3,4,33
3,5,53
3,6,20
3,7,40
3,8,25
3,9,30
3,10,45
3,11,9
3,12,45
3,13,46
3,14,18
3,15,4
3,16,26
3,17,3
3,18,55
3,19,55
3,20,36
3,21,20
3,22,37
3,23,15
3,24,52
3,25,34
3,26,11
3,27,39
3,28,14
3,29,5
3,30,19
3,31,17
3,32,51
3,33,8
3,34,22
3,35,38
3,36,44
3,37,40
3,38,52
3,39,33
3,40,37
3,41,8
3,42,42
3,43,17
3,44,52
3,45,20
3,46,38
3,47,2
3,48,13
3,49,43
3,50,34
3,51,19
3,52,27
3,53,46
3,54,34
3,55,45
3,56,14
3,57,22
3,58,2
3,59,1
3,60,15
3,61,52
3,62,28
3,63,23
3,64,40
3,65,9
3,66,4
3,67,13
3,68,49
3,69,44
3,70,3
3,71,45
3,72,43
3,73,3
3,74,43
3,75,44
3,76,40
3,77,33
3,78,10
3,79,40
3,80,10
3,81,19
3,82,16
3,83,14
3,84,15
3,85,27
3,86,53
3,87,19
3,88,28
3,89,4
3,90,25
3,91,8
3,92,34
3,93,35
3,94,41
3,95,44
3,96,22
3,97,43
3,98,20
3,99,47
3,100,19
3,101,9
3,102,21
3,103,33
3,104,36
3,105,55
3,106,38
3,107,34
3,108,25
3,109,43
3,110,55
3,111,29
3,112,42
3,113,53
3,114,9
3,115,25
3,116,47
3,117,16
3,118,14
3,119,10
3,120,23
3,121,36
3,122,31
3,123,26
3,124,16
3,125,48
3,126,52
3,127,6
3,128,9
3,129,49
3,130,52
3,131,24
3,132,10
3,133,20
3,134,7
3,135,19
3,136,51
3,137,23
3,138,47
3,139,26
3,140,37
3,141,30
3,142,4
3,143,11
3,144,21
3,145,17
3,146,43
3,147,32
3,148,26
3,149,51
3,150,36
3,151,4
3,152,35
3,153,14
3,154,24
3,155,27
3,156,17
3,157,4
3,158,19
3,159,26
3,160,24
3,161,22
3,162,35
3,163,42
3,164,52
3,165,53
3,166,9
3,167,23
3,168,23
3,169,6
3,170,8
3,171,38
3,172,24
3,173,35
3,174,52
3,175,42
3,176,39
3,177,52
3,178,20
3,179,20
3,180,48
3,181,24
3,182,43
3,183,11
3,184,48
3,185,21
3,186,18
3,187,28
3,188,36
3,189,25
3,190,54
3,191,49
3,192,24
3,193,23
3,194,8
3,195,29
3,196,50
3,197,42
3,198,46
3,199,2
3,200,26
3,201,24
3,202,17
3,203,46
3,204,23
3,205,1
3,206,24
3,207,54
3,208,22
3,209,34
3,210,10
3,211,13
3,212,30
3,213,13
3,214,21
3,215,7
3,216,35
3,217,36
3,218,16
3,219,23
3,220,41
3,221,55
3,222,38
3,223,6
3,224,30
3,225,46
3,226,10
3,227,19
3,228,23
3,229,54
3,230,8
3,231,34
3,232,22
3,233,1
3,234,53
3,235,34
3,236,34
3,237,25
3,238,47
3,239,17
3,240,18
3,241,1
3,242,30
3,243,20
3,244,11
3,245,44
3,246,12
3,247,55
3,248,11
3,249,3
3,250,7
3,251,54
3,252,1
3,253,16
3,254,16
3,255,26
3,256,30
3,257,47
3,258,51
3,259,50
3,260,47
3,261,48
3,262,36
3,263,38
3,264,55
3,265,16
3,266,10
3,267,14
3,268,20
3,269,2
3,270,32
3,271,43
3,272,24
3,273,13
3,274,27
3,275,30
3,276,26
3,277,51
3,278,18
3,279,21
3,280,6
3,281,29
3,282,4
3,283,47
3,284,17
3,285,38
3,286,25
3,287,45
3,288,17
3,289,30
3,290,42
3,291,13
3,292,18
3,293,17
3,294,35
3,295,51
3,296,50
3,297,30
3,298,10
3,299,17
3,300,49
3,301,10
3,302,39
3,303,55
3,304,53
3,305,53
3,306,16
3,307,49
3,308,45
3,309,1
3,310,45
3,311,45
3,312,9
3,313,22
3,314,2
3,315,11
3,316,5
3,317,39
3,318,35
3,319,43
3,320,9
3,321,13
3,322,2
3,323,19
3,324,25
3,325,39
3,326,44
3,327,27
3,328,21
3,329,9
3,330,21
3,331,49
3,332,53
3,333,34
3,334,54
3,335,27
3,336,14
3,337,28
3,338,2
3,339,4
3,340,30
3,341,51
3,342,13
3,343,2
3,344,38
3,345,7
3,346,36
3,347,23
3,348,48
3,349,34
3,350,13
3,351,52
3,352,43
3,353,20
3,354,46
3,355,8
3,356,5
3,357,33
3,358,12
3,359,1
3,360,1
3,361,54
3,362,47
3,363,34
3,364,23
3,365,31
3,366,17
3,367,8
3,368,28
3,369,8
3,370,24
3,371,2
3,372,42
3,373,24
3,374,15
3,375,20
3,376,48
3,377,36
3,378,17
3,379,17
3,380,4
3,381,7
3,382,31
3,383,14
3,384,4
3,385,33
3,386,35
3,387,16
3,388,45
3,389,32
3,390,28
3,391,8
3,392,1
3,393,25
3,394,54
3,395,22
3,396,47
3,397,51
3,398,20
3,399,49
3,400,51
3,401,30
3,402,20
3,403,30
3,404,16
3,405,24
3,406,49
3,407,25
3,408,2
3,409,53
3,410,38
3,411,15
3,412,19
3,413,38
3,414,8
3,415,2
3,416,41
3,417,27
3,418,35
3,419,54
3,420,6
3,421,16
3,422,25
3,423,34
3,424,51
3,425,3
3,426,6
3,427,36
3,428,3
3,429,53
3,430,21
3,431,11
3,432,22
3,433,53
3,434,35
3,435,8
3,436,26
3,437,39
3,438,8
3,439,28
3,440,17
3,441,18
3,442,4
3,443,24
3,444,42
3,445,21
3,446,8
3,447,49
3,448,39
3,449,33
3,450,19
3,451,51
3,452,14
3,453,8
3,454,43
3,455,53
3,456,3
3,457,41
3,458,31
3,459,50
3,460,20
3,461,30
3,462,33
3,463,9
3,464,48
3,465,13
3,466,4
3,467,1
3,468,50
3,469,11
3,470,50
3,471,11
3,472,13
3,473,10
3,474,12
3,475,45
3,476,3
3,477,28
3,478,25
3,479,26
3,480,18
3,481,2
3,482,13
3,483,11
3,484,27
3,485,48
3,486,43
3,487,32
3,488,24
3,489,26
3,490,38
3,491,45
3,492,46
3,493,40
3,494,20
3,495,25
3,496,5
3,497,32
3,498,34
3,499,21
3,500,18
3,501,38
3,502,24
3,503,47
3,504,34
3,505,54
3,506,17
3,507,55
3,508,49
3,509,50
3,510,44
3,511,6
3,512,41
3,513,16
3,514,10
3,515,49
3,516,39
3,517,15
3,518,7
3,519,7
3,520,52
3,521,46
3,522,52
3,523,12
3,524,1
3,525,3
3,526,43
3,527,48
3,528,5
3,529,27
3,530,55
3,531,38
3,532,22
3,533,11
3,534,41
3,535,25
3,536,52
3,537,40
3,538,19
3,539,30
3,540,42
3,541,46
3,542,41
3,543,50
3,544,38
3,545,34
3,546,17
3,547,4
3,548,53
3,549,15
3,550,45
3,551,51
3,552,40
3,553,7
3,554,4
3,555,20
3,556,5
3,557,37
3,558,15
3,559,9
3,560,51
3,561,5
3,562,33
3,563,19
3,564,51
3,565,26
3,566,16
3,567,55
3,568,7
3,569,23
3,570,17
3,571,45
3,572,52
3,573,4
3,574,21
3,575,27
3,576,43
3,577,31
3,578,20
3,579,34
3,580,39
3,581,9
3,582,50
3,583,3
3,584,41
3,585,8
3,586,17
3,587,14
3,588,41
3,589,13
3,590,24
3,591,16
3,592,20
3,593,15
3,594,13
3,595,1
3,596,44
3,597,32
3,598,50
3,599,39
3,600,14
3,601,17
3,602,33
3,603,15
3,604,40
3,605,39
3,606,3
3,607,53
3,608,34
3,609,20
3,610,36
3,611,51
3,612,52
3,613,9
3,614,25
3,615,18
3,616,52
3,617,36
3,618,18
3,619,16
3,620,8
3,621,53
3,622,25
3,623,16
3,624,31
3,625,36
3,626,26
3,627,41
3,628,45
3,629,18
3,630,24
3,631,17
3,632,47
3,633,25
3,634,46
3,635,32
3,636,16
3,637,1
3,638,48
3,639,7
3,640,19
3,641,34
3,642,23
3,643,47
3,644,13
3,645,3
3,646,51
3,647,34
3,648,52
3,649,7
3,650,11
3,651,41
3,652,31
3,653,11
3,654,35
3,655,24
3,656,35
3,657,33
3,658,29
3,659,2
3,660,6
3,661,10
3,662,37
3,663,53
3,664,49
3,665,12
3,666,23
3,667,13
3,668,38
3,669,6
3,670,33
3,671,10
3,672,51
3,673,52
3,674,14
3,675,30
3,676,9
3,677,38
3,678,15
3,679,46
3,680,28
3,681,48
3,682,15
3,683,54
3,684,28
3,685,5
3,686,7
3,687,52
3,688,44
3,689,3
3,690,3
3,691,18
3,692,52
3,693,52
3,694,15
3,695,7
3,696,29
3,697,46
3,698,53
3,699,12
3,700,8
3,701,35
3,702,4
3,703,30
3,704,5
3,705,29
3,706,7
3,707,1
3,708,8
3,709,11
3,710,37
3,711,32
3,712,36
3,713,4
3,714,54
3,715,2
3,716,8
3,717,12
3,718,48
3,719,25
3,720,4
3,721,49
3,722,52
3,723,16
3,724,53
3,725,40
3,726,33
3,727,6
3,728,6
3,729,11
3,730,40
3,731,44
3,732,42
3,733,4
3,734,1
3,735,49
3,736,7
3,737,14
3,738,26
3,739,19
3,740,24
3,741,26
3,742,43
3,743,39
3,744,12
3,745,41
3,746,21
3,747,13
3,748,2
3,749,8
3,750,46
3,751,48
3,752,50
3,753,18
3,754,25
3,755,7
3,756,28
3,757,10
3,758,44
3,759,5
3,760,54
3,761,15
3,762,19
3,763,21
3,764,21
3,765,6
3,766,3
3,767,26
3,768,8
3,769,39
3,770,9
3,771,3
3,772,31
3,773,27
3,774,35
3,775,21
3,776,53
3,777,52
3,778,43
3,779,51
3,780,24
3,781,4
3,782,33
3,783,23
3,784,5
3,785,49
3,786,26
3,787,26
3,788,13
3,789,13
3,790,30
3,791,14
3,792,41
3,793,35
3,794,38
3,795,21
3,796,53
3,797,30
3,798,1
3,799,44
3,800,44
3,801,38
3,802,44
3,803,3
3,804,10
3,805,6
3,806,1
3,807,13
3,808,44
3,809,55
3,810,40
3,811,44
3,812,22
3,813,11
3,814,49
3,815,7
3,816,44
3,817,9
3,818,13
3,819,2
3,820,18
3,821,14
3,822,6
3,823,51
3,824,55
3,825,12
3,826,52
3,827,52
3,828,34
3,829,34
3,830,6
3,831,17
3,832,50
3,833,44
3,834,42
3,835,27
3,836,46
3,837,17
3,838,20
3,839,3
3,840,29
3,841,2
3,842,45
3,843,36
3,844,31
4,1,30
4,2,1
4,3,23
4,4,16
4,5,15
4,6,17
4,7,39
4,8,29
4,9,38
4,10,7
4,11,32
4,12,3
4,13,22
4,14,2
4,15,29
4,16,1
4,17,3
4,18,11
4,19,33
4,20,15
4,21,31
4,22,32
4,23,39
4,24,32
4,25,40
4,26,27
4,27,40
4,28,19
4,29,15
4,30,31
4,31,9
4,32,21
4,33,8
4,34,6
4,35,9
4,36,32
4,37,13
4,38,7
4,39,32
4,40,4
4,41,25
4,42,25
4,43,26
4,44,8
4,45,22
4,46,4
4,47,34
4,48,33
4,49,7
4,50,29
4,51,31
4,52,4
4,53,11
4,54,6
4,55,39
4,56,40
4,57,10
4,58,6
4,59,36
4,60,17
4,61,2
4,62,17
4,63,38
4,64,31
4,65,15
4,66,34
4,67,40
4,68,35
4,69,25
4,70,34
4,71,12
4,72,12
4,73,13
4,74,21
4,75,5
4,76,9
4,77,5
4,78,22
4,79,16
4,80,12
4,81,6
4,82,10
4,83,34
4,84,15
4,85,11
4,86,28
4,87,6
4,88,30
4,89,22
4,90,33
4,91,33
4,92,10
4,93,30
4,94,30
4,95,33
4,96,37
4,97,6
4,98,15
4,99,17
4,100,21
4,101,26
4,102,35
4,103,18
4,104,25
4,105,27
4,106,10
4,107,10
4,108,33
4,109,16
4,110,6
4,111,8
4,112,17
4,113,14
4,114,16
4,115,34
4,116,18
4,117,21
4,118,27
4,119,39
4,120,35
4,121,19
4,122,29
4,123,17
4,124,2
4,125,23
4,126,35
4,127,30
4,128,11
4,129,17
4,130,3
4,131,19
4,132,30
4,133,8
4,134,30
4,135,33
4,136,21
4,137,10
4,138,27
4,139,9
4,140,19
4,141,15
4,142,32
4,143,21
4,144,33
4,145,36
4,146,5
4,147,17
4,148,8
4,149,11
4,150,27
4,151,8
4,152,15
4,153,29
4,154,38
4,155,15
4,156,9
4,157,25
4,158,27
4,159,4
4,160,36
4,161,19
4,162,5
4,163,3
4,164,14
4,165,27
4,166,36
4,167,22
4,168,32
4,169,7
4,170,33
4,171,19
4,172,22
4,173,36
4,174,37
4,175,12
4,176,2
4,177,13
4,178,17
4,179,15
4,180,10
4,181,1
4,182,27
4,183,11
4,184,39
4,185,28
4,186,31
4,187,10
4,188,32
4,189,14
4,190,26
4,191,16
4,192,12
4,193,19
4,194,1
4,195,3
4,196,11
4,197,19
4,198,34
4,199,19
4,200,35
4,201,10
4,202,40
4,203,26
4,204,26
4,205,27
4,206,8
4,207,16
4,208,33
4,209,39
4,210,2
4,211,24
4,212,8
4,213,27
4,214,33
4,215,32
4,216,31
4,217,4
4,218,40
4,219,23
4,220,29
4,221,19
4,222,27
4,223,39
4,224,24
4,225,21
4,226,9
4,227,33
4,228,34
4,229,28
4,230,37
4,231,18
4,232,7
4,233,10
4,234,8
4,235,10
4,236,2
4,237,13
4,238,38
4,239,15
4,240,18
4,241,21
4,242,15
4,243,7
4,244,38
4,245,22
4,246,18
4,247,33
4,248,27
4,249,37
4,250,15
4,251,37
4,252,40
4,253,1
4,254,22
4,255,24
4,256,36
4,257,8
4,258,11
4,259,14
4,260,26
4,261,10
4,262,7
4,263,34
4,264,22
4,265,4
4,266,24
4,267,22
4,268,1
4,269,13
4,270,3
4,271,12
4,272,1
4,273,36
4,274,30
4,275,15
4,276,5
4,277,13
4,278,38
4,279,28
4,280,1
4,281,27
4,282,11
4,283,2
4,284,28
4,285,30
4,286,28
4,287,18
4,288,30
4,289,39
4,290,13
4,291,17
4,292,27
4,293,24
4,294,13
4,295,17
4,296,3
4,297,20
4,298,19
4,299,1
4,300,24
4,301,34
4,302,24
4,303,25
4,304,33
4,305,21
4,306,2
4,307,30
4,308,28
4,309,31
4,310,17
4,311,20
4,312,10
4,313,19
4,314,34
4,315,20
4,316,7
4,317,12
4,318,8
4,319,4
4,320,2
4,321,16
4,322,24
4,323,35
4,324,19
4,325,22
4,326,11
4,327,32
4,328,14
4,329,36
4,330,33
4,331,35
4,332,5
4,333,10
4,334,6
4,335,22
4,336,4
4,337,13
4,338,8
4,339,25
4,340,8
4,341,27
4,342,28
4,343,27
4,344,13
4,345,3
4,346,31
4,347,34
4,348,8
4,349,28
4,350,24
4,351,19
4,352,17
4,353,4
4,354,29
4,355,20
4,356,28
4,357,5
4,358,35
4,359,9
4,360,7
4,361,21
4,362,9
4,363,5
4,364,28
4,365,25
4,366,8
4,367,38
4,368,20
4,369,12
4,370,12
4,371,38
4,372,21
4,373,33
4,374,15
4,375,4
4,376,20
4,377,33
4,378,36
4,379,21
4,380,1
4,381,11
4,382,19
4,383,28
4,384,10
4,385,6
4,386,12
4,387,31
4,388,34
4,389,16
4,390,18
4,391,18
4,392,2
4,393,27
4,394,34
4,395,11
4,396,18
4,397,10
4,398,8
4,399,18
4,400,16
4,401,39
4,402,8
4,403,36
4,404,12
4,405,8
4,406,25
4,407,7
4,408,38
4,409,37
4,410,1
4,411,2
4,412,37
4,413,28
4,414,15
4,415,6
4,416,8
4,417,28
4,418,39
4,419,13
4,420,30
4,421,13
4,422,37
4,423,32
4,424,9
4,425,23
4,426,4
4,427,7
4,428,5
4,429,18
4,430,11
4,431,29
4,432,16
4,433,17
4,434,16
4,435,18
4,436,5
4,437,34
4,438,17
4,439,1
4,440,20
4,441,24
4,442,1
4,443,29
4,444,23
4,445,23
4,446,3
4,447,40
4,448,30
4,449,13
4,450,8
4,451,30
4,452,4
4,453,10
4,454,24
4,455,36
4,456,14
4,457,1
4,458,25
4,459,23
4,460,27
4,461,6
4,462,5
4,463,11
4,464,35
4,465,3
4,466,29
4,467,31
4,468,32
4,469,29
4,470,14
4,471,18
4,472,10
4,473,29
4,474,10
4,475,12
4,476,19
4,477,9
4,478,35
4,479,28
4,480,36
4,481,13
4,482,2
4,483,20
4,484,21
4,485,6
4,486,5
4,487,24
4,488,15
4,489,24
4,490,37
4,491,27
4,492,8
4,493,33
4,494,30
4,495,39
4,496,24
4,497,4
4,498,33
4,499,28
4,500,20
4,501,31
4,502,22
4,503,16
4,504,17
4,505,6
4,506,23
4,507,15
4,508,31
4,509,28
4,510,13
4,511,9
4,512,11
4,513,26
4,514,3
4,515,12
4,516,30
4,517,2
4,518,22
4,519,25
4,520,17
4,521,14
4,522,37
4,523,22
4,524,40
4,525,27
4,526,1
4,527,25
4,528,1
4,529,33
4,530,37
4,531,27
4,532,34
4,533,14
4,534,23
4,535,36
4,536,12
4,537,24
4,538,3
4,539,39
4,540,17
4,541,17
4,542,2
4,543,18
4,544,22
4,545,35
4,546,5
4,547,9
4,548,27
4,549,8
4,550,15
4,551,8
4,552,2
4,553,19
4,554,26
4,555,39
4,556,18
4,557,9
4,558,27
4,559,16
4,560,29
4,561,33
4,562,3
4,563,40
4,564,40
4,565,1
4,566,22
4,567,15
4,568,3
4,569,37
4,570,14
4,571,29
4,572,12
4,573,36
4,574,36
4,575,23
4,576,36
4,577,4
4,578,21
4,579,19
4,580,30
4,581,22
4,582,26
4,583,21
4,584,40
4,585,1
4,586,9
4,587,37
4,588,27
4,589,7
4,590,35
4,591,28
4,592,11
4,593,10
4,594,20
4,595,20
4,596,6
4,597,18
4,598,12
4,599,27
4,600,25
4,601,3
4,602,8
4,603,20
4,604,9
4,605,35
4,606,29
4,607,39
4,608,4
4,609,24
4,610,36
4,611,5
4,612,4
4,613,18
4,614,37
4,615,29
4,616,8
4,617,29
4,618,5
4,619,16
4,620,1
4,621,19
4,622,21
4,623,8
4,624,9
4,625,14
4,626,37
4,627,6
4,628,12
4,629,21
4,630,24
4,631,5
4,632,31
4,633,17
4,634,14
4,635,18
4,636,2
4,637,21
4,638,3
4,639,19
4,640,25
4,641,40
4,642,26
4,643,25
4,644,13
4,645,12
4,646,21
4,647,28
4,648,35
4,649,22
4,650,10
4,651,4
4,652,18
4,653,38
4,654,20
4,655,5
4,656,7
4,657,3
4,658,32
4,659,26
4,660,36
4,661,10
4,662,6
4,663,23
4,664,11
4,665,38
4,666,4
4,667,35
4,668,26
4,669,23
4,670,5
4,671,22
4,672,40
4,673,30
4,674,11
4,675,40
4,676,34
4,677,5
4,678,10
4,679,20
4,680,14
5,1,2
5,2,6
5,3,6
5,4,6
5,5,4
5,6,2
5,7,6
5,8,1
5,9,2
5,10,4
5,11,10
5,12,5
5,13,7
5,14,3
5,15,6
5,16,1
5,17,5
5,18,6
5,19,3
5,20,8
5,21,11
5,22,2
5,23,8
5,24,5
5,25,2
5,26,7
5,27,8
5,28,5
5,29,11
5,30,8
5,31,4
5,32,11
5,33,1
5,34,5
5,35,12
5,36,10
5,37,3
5,38,5
5,39,5
5,40,7
5,41,11
5,42,6
5,43,1
5,44,9
5,45,8
5,46,3
5,47,12
5,48,10
5,49,2
5,50,8
5,51,3
5,52,8
5,53,10
5,54,12
5,55,9
5,56,2
5,57,6
5,58,7
5,59,12
5,60,8
5,61,6
5,62,11
5,63,6
5,64,8
5,65,10
5,66,11
5,67,9
5,68,3
5,69,7
5,70,1
5,71,3
5,72,1
5,73,3
5,74,4
5,75,9
5,76,11
5,77,3
5,78,6
5,79,8
5,80,11
5,81,1
5,82,12
5,83,8
5,84,4
5,85,1
5,86,8
5,87,6
5,88,3
5,89,7
5,90,6
5,91,3
5,92,1
5,93,11
5,94,5
5,95,1
5,96,4
5,97,12
5,98,12
5,99,2
5,100,11
5,101,8
5,102,4
5,103,5
5,104,4
5,105,4
5,106,10
5,107,11
5,108,2
5,109,10
5,110,8
5,111,10
5,112,12
5,113,8
5,114,11
5,115,11
5,116,12
5,117,1
5,118,1
5,119,5
5,120,12
5,121,7
5,122,8
5,123,2
5,124,2
5,125,1
5,126,4
5,127,1
5,128,4
5,129,7
5,130,11
5,131,5
5,132,11
5,133,8
5,134,3
5,135,4
5,136,7
5,137,5
5,138,2
5,139,9
5,140,4
5,141,12
5,142,10
5,143,4
5,144,10
5,145,3
5,146,5
5,147,12
5,148,2
5,149,11
5,150,8
5,151,9
5,152,4
5,153,8
5,154,11
5,155,11
5,156,12
5,157,6
5,158,6
5,159,8
5,160,6
5,161,11
5,162,3
5,163,11
5,164,10
5,165,7
5,166,6
5,167,7
5,168,1
5,169,10
5,170,3
5,171,5
5,172,3
5,173,1
5,174,8
5,175,9
5,176,11
5,177,7
5,178,7
5,179,3
5,180,3
5,181,7
5,182,10
5,183,4
5,184,10
5,185,10
5,186,3
5,187,9
5,188,3
5,189,5
5,190,5
5,191,4
5,192,9
5,193,3
5,194,6
5,195,11
5,196,5
5,197,11
5,198,7
5,199,3
5,200,9
5,201,8
5,202,1
5,203,10
5,204,3
5,205,1
5,206,12
5,207,5
5,208,6
5,209,10
5,210,6
5,211,11
5,212,12
5,213,3
5,214,5
5,215,6
5,216,3
5,217,8
5,218,1
5,219,10
5,220,8
5,221,5
5,222,9
5,223,6
5,224,8
5,225,6
5,226,1
5,227,12
5,228,4
5,229,8
5,230,2
6,1,29
6,2,23
6,3,7
6,4,8
6,5,32
6,6,4
6,7,10
6,8,32
6,9,23
6,10,16
6,11,34
6,12,4
6,13,18
6,14,17
6,15,4
6,16,19
6,17,21
6,18,22
6,19,16
6,20,9
6,21,4
6,22,30
6,23,15
6,24,17
6,25,24
6,26,29
6,27,13
6,28,13
6,29,12
6,30,32
6,31,26
6,32,25
6,33,28
6,34,19
6,35,10
6,36,8
6,37,34
6,38,31
6,39,3
6,40,25
6,41,8
6,42,25
6,43,2
6,44,10
6,45,33
6,46,4
6,47,8
6,48,11
6,49,22
6,50,30
6,51,9
6,52,21
6,53,12
6,54,19
6,55,24
6,56,23
6,57,23
6,58,34
6,59,2
6,60,19
7,1,39
7,2,19
7,3,22
7,4,41
7,5,30
7,6,48
7,7,41
7,8,19
7,9,24
7,10,50
7,11,47
7,12,22
7,13,50
7,14,20
7,15,42
7,16,43
7,17,40
7,18,48
7,19,12
7,20,47
7,21,30
7,22,26
7,23,13
7,24,52
7,25,36
7,26,23
7,27,9
7,28,46
7,29,3
7,30,11
7,31,33
7,32,24
7,33,43
7,34,11
7,35,49
7,36,21
7,37,12
7,38,51
7,39,37
7,40,11
7,41,2
7,42,37
7,43,12
7,44,10
7,45,17
7,46,6
7,47,52
7,48,45
7,49,31
7,50,49
7,51,45
7,52,38
7,53,39
7,54,1
7,55,3
7,56,11
7,57,28
7,58,1
7,59,40
7,60,15
7,61,14
7,62,6
7,63,47
7,64,13
7,65,22
7,66,10
7,67,23
7,68,5
7,69,48
7,70,18
7,71,3
7,72,25
7,73,3
7,74,43
7,75,29
7,76,24
7,77,7
7,78,41
7,79,4
7,80,15
7,81,41
7,82,30
7,83,4
7,84,31
7,85,9
7,86,31
7,87,39
7,88,36
7,89,26
7,90,46
7,91,35
7,92,15
7,93,10
7,94,41
7,95,49
7,96,6
7,97,39
7,98,2
7,99,36
7,100,16
7,101,11
7,102,2
7,103,11
7,104,42
7,105,28
7,106,28
7,107,48
7,108,17
7,109,48
7,110,21
7,111,26
7,112,37
7,113,22
7,114,29
7,115,39
7,116,6
7,117,46
7,118,10
7,119,13
7,120,12
7,121,6
7,122,8
7,123,37
7,124,41
7,125,6
7,126,47
7,127,7
7,128,50
7,129,20
7,130,12
7,131,38
7,132,6
7,133,25
7,134,10
7,135,2
7,136,28
7,137,22
7,138,40
7,139,49
7,140,31
7,141,45
7,142,38
7,143,19
7,144,28
7,145,30
7,146,29
7,147,2
7,148,22
7,149,50
7,150,52
7,151,29
7,152,38
7,153,5
7,154,31
7,155,6
7,156,22
7,157,19
7,158,14
8,1,7
8,2,13
8,3,9
8,4,5
8,5,9
8,6,14
8,7,10
8,8,12
8,9,3
8,10,9
8,11,10
8,12,5
8,13,5
8,14,7
8,15,6
8,16,7
8,17,12
8,18,13
8,19,2
8,20,8
8,21,3
8,22,12
8,23,10
8,24,5
8,25,7
8,26,5
8,27,4
8,28,14
8,29,8
8,30,5
8,31,5
8,32,7
8,33,7
8,34,5
8,35,5
8,36,4
8,37,14
8,38,3
8,39,8
8,40,6
8,41,13
8,42,4
8,43,7
8,44,13
8,45,15
8,46,14
8,47,5
8,48,14
8,49,7
8,50,4
8,51,7
8,52,7
8,53,3
8,54,9
8,55,3
8,56,12
8,57,4
8,58,5
8,59,3
8,60,11
8,61,13
8,62,3
8,63,5
8,64,5
8,65,7
8,66,2
8,67,5
8,68,7
8,69,1
8,70,9
8,71,7
8,72,3
8,73,5
8,74,15
8,75,11
8,76,14
8,77,7
8,78,14
8,79,8
8,80,4
8,81,4
8,82,5
8,83,9
8,84,2
8,85,14
8,86,2
8,87,5
8,88,1
8,89,11
8,90,5
8,91,4
8,92,3
8,93,9
8,94,13
8,95,11
8,96,13
8,97,1
8,98,10
8,99,11
8,100,4
8,101,10
8,102,11
8,103,6
8,104,9
8,105,10
8,106,9
8,107,9
8,108,14
8,109,9
8,110,11
8,111,9
8,112,12
8,113,4
8,114,9
8,115,3
8,116,4
8,117,5
8,118,11
8,119,4
8,120,7
8,121,10
8,122,5
8,123,1
8,124,1
8,125,15
8,126,8
8,127,13
8,128,6
8,129,12
8,130,3
8,131,10
8,132,15
8,133,12
8,134,10
8,135,2
8,136,3
8,137,15
8,138,15
8,139,8
8,140,8
8,141,13
8,142,10
8,143,6
8,144,9
8,145,3
8,146,9
8,147,3
8,148,10
8,149,13
8,150,6
8,151,5
8,152,8
8,153,15
8,154,6
8,155,5
8,156,7
8,157,6
8,158,13
8,159,5
8,160,8
8,161,15
8,162,2
8,163,5
8,164,11
8,165,5
8,166,6
8,167,15
8,168,5
8,169,2
8,170,14
8,171,5
8,172,6
8,173,10
8,174,14
8,175,8
8,176,3
8,177,1
8,178,14
8,179,7
8,180,13
8,181,10
8,182,6
8,183,11
8,184,10
8,185,8
8,186,6
8,187,12
8,188,8
8,189,7
8,190,11
8,191,5
8,192,6
8,193,9
8,194,14
8,195,2
8,196,13
8,197,13
8,198,13
8,199,3
8,200,1
8,201,9
8,202,12
8,203,6
8,204,5
8,205,13
8,206,12
8,207,10
8,208,2
8,209,11
8,210,15
8,211,6
8,212,7
8,213,2
8,214,3
8,215,12
8,216,5
8,217,12
8,218,11
8,219,3
8,220,2
8,221,15
8,222,14
8,223,4
8,224,13
8,225,9
8,226,13
8,227,9
8,228,4
8,229,2
8,230,1
8,231,4
8,232,8
8,233,11
8,234,5
8,235,3
8,236,15
8,237,7
8,238,7
8,239,11
8,240,9
8,241,12
8,242,1
8,243,12
8,244,3
8,245,8
8,246,2
8,247,7
8,248,5
8,249,10
8,250,2
8,251,5
8,252,15
8,253,8
8,254,11
8,255,7
8,256,6
8,257,9
8,258,9
8,259,7
8,260,9
8,261,15
8,262,6
8,263,7
8,264,3
8,265,5
8,266,5
8,267,10
8,268,15
8,269,11
8,270,8
8,271,14
8,272,5
8,273,15
8,274,6
8,275,9
8,276,1
8,277,5
8,278,4
8,279,3
8,280,4
8,281,6
8,282,2
8,283,8
8,284,4
8,285,15
8,286,8
8,287,12
8,288,8
8,289,2
8,290,3
8,291,13
8,292,5
8,293,9
8,294,2
8,295,11
8,296,7
8,297,14
8,298,7
8,299,11
8,300,12
8,301,10
8,302,5
8,303,1
8,304,9
8,305,4
8,306,13
8,307,8
8,308,5
8,309,10
8,310,13
8,311,15
8,312,10
8,313,11
8,314,6
8,315,1
8,316,12
8,317,6
8,318,13
8,319,5
8,320,5
8,321,9
8,322,3
8,323,5
8,324,14
8,325,3
8,326,2
8,327,9
8,328,2
8,329,15
8,330,1
8,331,10
8,332,11
8,333,2
8,334,14
8,335,11
8,336,9
8,337,11
8,338,15
8,339,9
8,340,6
8,341,2
8,342,2
8,343,7
8,344,7
8,345,13
8,346,7
8,347,15
8,348,7
8,349,11
8,350,8
8,351,5
8,352,13
8,353,7
8,354,8
8,355,12
8,356,4
8,357,4
8,358,1
8,359,15
8,360,4
8,361,11
8,362,3
8,363,5
8,364,14
8,365,11
8,366,2
8,367,14
8,368,7
8,369,6
8,370,11
8,371,12
8,372,11
8,373,9
8,374,1
8,375,10
8,376,12
8,377,14
8,378,6
8,379,15
8,380,7
8,381,2
8,382,3
8,383,7
8,384,15
8,385,4
8,386,10
8,387,3
8,388,9
8,389,7
8,390,13
8,391,1
8,392,1
8,393,6
8,394,9
8,395,13
8,396,12
8,397,3
8,398,3
8,399,7
8,400,15
8,401,9
8,402,10
8,403,4
8,404,3
8,405,1
8,406,2
8,407,12
8,408,14
8,409,14
8,410,15
8,411,14
8,412,13
8,413,8
8,414,9
8,415,14
8,416,9
8,417,12
8,418,5
8,419,5
8,420,4
8,421,12
8,422,6
8,423,12
8,424,4
8,425,3
8,426,4
8,427,10
8,428,15
8,429,10
8,430,10
8,431,2
8,432,13
8,433,10
8,434,14
8,435,8
8,436,1
8,437,7
8,438,12
8,439,11
8,440,2
8,441,9
8,442,2
8,443,6
8,444,1
8,445,15
8,446,7
8,447,11
8,448,11
8,449,15
8,450,10
8,451,13
8,452,3
8,453,7
8,454,11
8,455,1
8,456,3
8,457,11
8,458,5
8,459,10
8,460,15
8,461,12
8,462,2
8,463,5
8,464,2
8,465,14
8,466,9
8,467,8
8,468,11
8,469,10
8,470,10
8,471,15
8,472,8
8,473,10
8,474,8
8,475,9
8,476,13
8,477,11
8,478,7
8,479,5
8,480,9
8,481,11
8,482,1
8,483,3
8,484,2
8,485,11
8,486,6
8,487,5
8,488,2
8,489,10
8,490,4
8,491,10
8,492,14
8,493,15
8,494,4
8,495,6
8,496,4
8,497,1
8,498,1
8,499,1
8,500,15
8,501,13
8,502,1
8,503,7
8,504,13
8,505,6
8,506,1
8,507,1
8,508,5
8,509,3
8,510,14
8,511,7
8,512,5
9,1,19
9,2,5
9,3,4
9,4,25
9,5,16
9,6,6
9,7,19
9,8,10
9,9,8
9,10,1
9,11,25
9,12,20
9,13,21
9,14,11
9,15,6
9,16,5
9,17,20
9,18,5
9,19,4
9,20,2
9,21,14
9,22,4
9,23,8
9,24,24
9,25,18
9,26,2
9,27,6
9,28,19
9,29,15
9,30,21
9,31,12
9,32,25
9,33,7
9,34,12
9,35,11
9,36,13
9,37,3
9,38,19
9,39,10
9,40,4
9,41,13
9,42,11
9,43,20
9,44,8
9,45,12
9,46,20
9,47,7
9,48,14
9,49,6
9,50,25
9,51,23
9,52,3
9,53,16
9,54,12
9,55,20
9,56,9
9,57,5
9,58,2
9,59,10
9,60,18
9,61,1
9,62,15
9,63,1
9,64,5
9,65,7
9,66,11
9,67,7
9,68,24
9,69,25
9,70,6
9,71,14
9,72,5
9,73,7
9,74,21
9,75,13
9,76,1
9,77,18
9,78,21
9,79,18
9,80,9
9,81,21
9,82,7
9,83,21
9,84,10
9,85,22
9,86,8
9,87,20
9,88,21
9,89,7
9,90,6
9,91,10
9,92,11
9,93,23
9,94,13
9,95,11
9,96,6
9,97,12
9,98,5
9,99,24
9,100,3
9,101,22
9,102,15
9,103,16
9,104,3
9,105,7
9,106,16
9,107,19
9,108,15
9,109,7
9,110,4
9,111,11
9,112,16
9,113,18
9,114,3
9,115,1
9,116,3
9,117,16
9,118,11
9,119,24
9,120,8
9,121,14
9,122,5
9,123,22
9,124,16
9,125,11
9,126,5
9,127,14
9,128,5
9,129,25
9,130,15
9,131,17
9,132,22
9,133,25
9,134,4
9,135,23
9,136,22
9,137,14
9,138,15
9,139,24
9,140,10
9,141,1
9,142,21
9,143,14
9,144,13
9,145,16
9,146,19
9,147,15
9,148,6
9,149,6
9,150,12
9,151,3
9,152,18
9,153,5
9,154,14
9,155,19
9,156,24
9,157,6
9,158,16
9,159,21
9,160,13
9,161,12
9,162,1
9,163,4
9,164,25
9,165,3
9,166,21
9,167,25
9,168,17
9,169,11
9,170,16
9,171,3
9,172,24
9,173,15
9,174,22
9,175,24
9,176,18
9,177,4
9,178,13
9,179,20
9,180,14
9,181,19
9,182,22
9,183,11
9,184,8
9,185,25
9,186,22
9,187,12
9,188,21
9,189,1
9,190,15
9,191,2
9,192,6
9,193,18
9,194,17
9,195,20
9,196,25
9,197,6
9,198,15
9,199,22
9,200,11
9,201,18
9,202,18
9,203,17
9,204,9
9,205,5
9,206,7
9,207,19
9,208,21
9,209,21
9,210,2
9,211,16
9,212,14
9,213,4
9,214,13
9,215,11
9,216,22
9,217,16
9,218,21
9,219,21
9,220,14
9,221,18
9,222,17
9,223,17
9,224,2
9,225,14
9,226,24
9,227,23
9,228,5
9,229,21
9,230,7
9,231,25
9,232,6
9,233,12
9,234,20
9,235,3
9,236,18
9,237,4
9,238,2
9,239,17
9,240,7
9,241,9
9,242,16
9,243,23
9,244,22
9,245,15
9,246,23
9,247,11
9,248,7
9,249,14
9,250,13
9,251,5
9,252,16
9,253,24
9,254,13
9,255,4
9,256,23
9,257,6
9,258,7
9,259,21
9,260,18
9,261,25
9,262,7
9,263,7
9,264,3
9,265,7
9,266,2
9,267,9
9,268,25
9,269,5
9,270,20
9,271,17
9,272,15
9,273,11
9,274,15
9,275,13
9,276,2
9,277,15
9,278,15
9,279,3
9,280,4
9,281,13
9,282,15
9,283,6
9,284,23
9,285,24
9,286,14
9,287,7
9,288,8
9,289,22
9,290,25
9,291,19
9,292,22
9,293,3
9,294,12
9,295,22
9,296,10
9,297,6
9,298,5
9,299,1
9,300,18
9,301,19
9,302,15
9,303,16
9,304,14
9,305,15
9,306,6
9,307,2
9,308,1
9,309,9
9,310,8
9,311,20
9,312,17
9,313,1
9,314,11
9,315,7
9,316,6
9,317,1
9,318,21
9,319,1
9,320,1
9,321,23
9,322,17
9,323,2
9,324,16
9,325,1
9,326,16
9,327,23
9,328,12
9,329,25
9,330,1
9,331,10
9,332,3
9,333,18
9,334,7
9,335,7
9,336,23
9,337,21
9,338,20
9,339,11
9,340,22
9,341,14
9,342,11
9,343,24
9,344,20
9,345,7
9,346,9
9,347,23
9,348,16
9,349,18
9,350,9
9,351,18
9,352,2
9,353,17
9,354,24
9,355,10
9,356,7
9,357,9
9,358,22
9,359,11
9,360,1
9,361,9
9,362,18
9,363,16
9,364,7
9,365,20
9,366,9
9,367,13
9,368,18
9,369,10
9,370,13
9,371,8
9,372,22
9,373,16
9,374,6
9,375,17
9,376,24
9,377,13
9,378,15
9,379,12
9,380,12
9,381,13
9,382,1
9,383,18
9,384,18
9,385,3
9,386,18
9,387,25
9,388,19
9,389,3
9,390,16
9,391,12
9,392,11
9,393,16
9,394,3
9,395,23
9,396,13
9,397,18
9,398,4
9,399,18
9,400,16
9,401,13
9,402,16
9,403,19
9,404,21
9,405,8
9,406,5
9,407,14
9,408,6
9,409,2
9,410,25
9,411,5
9,412,9
9,413,25
9,414,24
9,415,8
9,416,19
9,417,8
9,418,7
9,419,18
9,420,1
9,421,2
9,422,19
9,423,16
9,424,16
9,425,9
9,426,1
9,427,12
9,428,17
9,429,17
9,430,3
9,431,13
9,432,7
9,433,10
9,434,10
9,435,13
9,436,23
9,437,18
9,438,22
9,439,11
9,440,10
9,441,17
9,442,16
9,443,15
9,444,19
9,445,25
9,446,17
9,447,14
9,448,15
9,449,19
9,450,25
9,451,12
9,452,6
9,453,8
9,454,7
9,455,2
9,456,20
9,457,2
9,458,15
9,459,21
9,460,4
9,461,7
9,462,3
9,463,11
9,464,4
9,465,10
9,466,17
9,467,16
9,468,15
9,469,8
9,470,3
9,471,18
9,472,16
9,473,17
9,474,25
9,475,6
9,476,5
9,477,9
9,478,20
9,479,23
9,480,3
9,481,2
9,482,12
9,483,11
9,484,2
9,485,16
9,486,1
9,487,5
9,488,15
9,489,23
9,490,13
9,491,14
9,492,5
9,493,12
9,494,13
9,495,10
9,496,13
9,497,17
9,498,11
9,499,3
9,500,3
9,501,11
9,502,21
9,503,17
9,504,25
9,505,9
9,506,17
9,507,13
9,508,12
9,509,1
9,510,3
9,511,3
9,512,3
9,513,4
9,514,1
9,515,5
9,516,15
9,517,8
9,518,11
9,519,16
9,520,24
9,521,22
9,522,19
9,523,15
9,524,23
9,525,2
9,526,11
9,527,7
9,528,17
9,529,16
9,530,14
9,531,13
9,532,10
9,533,6
9,534,24
9,535,12
9,536,12
9,537,15
9,538,21
9,539,19
9,540,6
9,541,19
9,542,15
9,543,8
9,544,19
9,545,23
9,546,5
9,547,8
9,548,12
9,549,10
9,550,25
9,551,17
9,552,13
9,553,3
9,554,4
9,555,25
9,556,14
9,557,12
9,558,6
9,559,17
9,560,10
9,561,19
9,562,20
9,563,22
9,564,11
9,565,2
9,566,3
9,567,12
9,568,12
9,569,13
9,570,8
9,571,22
9,572,16
9,573,8
9,574,21
9,575,6
9,576,24
9,577,1
9,578,18
9,579,23
9,580,4
9,581,4
9,582,6
9,583,25
9,584,4
9,585,12
9,586,15
9,587,6
9,588,23
9,589,10
9,590,16
9,591,8
9,592,17
9,593,6
9,594,20
9,595,11
9,596,3
9,597,11
9,598,25
9,599,2
9,600,19
9,601,6
9,602,15
9,603,14
9,604,25
9,605,9
9,606,17
9,607,14
9,608,11
9,609,11
9,610,19
9,611,18
9,612,18
9,613,24
9,614,5
9,615,9
9,616,5
9,617,18
9,618,15
9,619,15
9,620,16
9,621,19
9,622,18
9,623,5
9,624,8
9,625,20
9,626,23
9,627,20
9,628,13
9,629,10
9,630,15
9,631,24
9,632,22
9,633,12
9,634,13
9,635,21
9,636,1
9,637,21
9,638,20
9,639,8
9,640,20
9,641,22
9,642,21
9,643,4
9,644,25
9,645,18
9,646,18
9,647,25
9,648,6
9,649,17
9,650,16
9,651,20
9,652,13
9,653,18
9,654,15
9,655,4
9,656,12
9,657,3
9,658,6
9,659,3
9,660,3
9,661,19
9,662,21
9,663,25
9,664,9
9,665,11
9,666,13
9,667,7
9,668,5
9,669,3
9,670,14
9,671,24
9,672,7
9,673,1
9,674,13
9,675,2
9,676,7
9,677,21
9,678,6
9,679,20
9,680,14
9,681,2
9,682,14
9,683,17
9,684,10
9,685,18
9,686,7
9,687,24
9,688,14
9,689,2
9,690,18
9,691,5
9,692,25
9,693,7
9,694,8
9,695,25
9,696,25
9,697,8
9,698,14
9,699,21
9,700,17
9,701,9
9,702,11
9,703,14
9,704,9
9,705,1
9,706,14
9,707,15
9,708,6
9,709,11
9,710,11
9,711,16
9,712,24
9,713,10
9,714,13
9,715,2
9,716,17
9,717,7
9,718,24
9,719,25
9,720,16
9,721,20
9,722,12
9,723,20
9,724,19
9,725,1
9,726,16
9,727,22
9,728,22
9,729,4
9,730,15
9,731,12
9,732,12
9,733,17
9,734,22
9,735,19
10,1,30
10,2,6
10,3,7
10,4,20
10,5,26
10,6,14
10,7,18
10,8,31
10,9,10
10,10,4
10,11,1
10,12,15
10,13,2
10,14,6
10,15,17
10,16,31
10,17,7
10,18,16
10,19,23
10,20,25
10,21,16
10,22,25
10,23,13
10,24,19
10,25,33
10,26,32
10,27,24
10,28,20
10,29,13
10,30,22
10,31,20
10,32,34
10,33,15
10,34,30
10,35,26
10,36,13
10,37,4
10,38,15
10,39,16
10,40,34
10,41,34
10,42,32
10,43,15
10,44,24
10,45,24
10,46,12
10,47,31
10,48,29
10,49,24
10,50,28
10,51,30
10,52,37
10,53,25
10,54,4
10,55,14
10,56,25
10,57,3
10,58,19
10,59,32
10,60,3
10,61,21
10,62,17
10,63,4
10,64,17
10,65,9
10,66,25
10,67,9
10,68,21
10,69,15
10,70,22
10,71,2
10,72,9
10,73,18
10,74,4
10,75,31
10,76,15
10,77,11
10,78,20
10,79,25
10,80,26
10,81,7
10,82,11
10,83,1
10,84,13
10,85,36
10,86,15
10,87,3
10,88,1
10,89,37
10,90,2
10,91,11
10,92,26
10,93,1
10,94,32
10,95,8
10,96,27
10,97,16
10,98,13
10,99,9
10,100,6
10,101,36
10,102,10
10,103,14
10,104,37
10,105,1
10,106,1
10,107,2
10,108,29
10,109,7
10,110,27
10,111,11
10,112,15
10,113,32
10,114,33
10,115,18
10,116,35
10,117,12
10,118,1
10,119,7
10,120,4
10,121,30
10,122,16
10,123,7
10,124,7
10,125,12
10,126,5
10,127,33
10,128,5
10,129,3
10,130,17
10,131,25
10,132,2
10,133,28
10,134,30
10,135,7
10,136,11
10,137,6
10,138,20
10,139,10
10,140,27
10,141,25
10,142,26
10,143,34
10,144,25
10,145,28
10,146,24
10,147,19
10,148,14
10,149,33
10,150,4
10,151,24
10,152,32
10,153,11
10,154,12
10,155,6
10,156,31
10,157,8
10,158,8
10,159,18
10,160,30
10,161,26
10,162,33
10,163,1
10,164,23
10,165,6
10,166,10
10,167,1
10,168,18
10,169,22
10,170,5
10,171,7
10,172,28
10,173,22
10,174,27
10,175,10
10,176,16
10,177,4
10,178,2
10,179,24
10,180,7
10,181,4
10,182,5
10,183,21
10,184,27
10,185,13
10,186,13
10,187,4
10,188,35
10,189,26
10,190,24
10,191,31
10,192,23
10,193,20
10,194,2
10,195,21
10,196,15
10,197,21
10,198,37
10,199,7
10,200,15
10,201,12
10,202,1
10,203,17
10,204,33
10,205,18
10,206,16
10,207,21
10,208,9
10,209,24
10,210,2
10,211,1
10,212,20
10,213,36
10,214,19
10,215,37
10,216,23
10,217,28
10,218,6
10,219,33
10,220,9
10,221,36
10,222,11
10,223,11
10,224,8
10,225,25
10,226,6
10,227,1
10,228,16
10,229,29
10,230,10
10,231,5
10,232,15
10,233,34
10,234,24
10,235,25
10,236,29
10,237,8
10,238,1
10,239,35
10,240,36
10,241,24
10,242,7
10,243,32
10,244,30
10,245,8
10,246,11
10,247,35
10,248,13
10,249,15
10,250,1
10,251,32
10,252,26
10,253,37
10,254,18
10,255,18
10,256,8
10,257,3
10,258,25
10,259,19
10,260,22
10,261,2
10,262,6
10,263,37
10,264,12
10,265,3
10,266,26
10,267,8
10,268,16
10,269,6
10,270,37
10,271,13
10,272,25
10,273,24
10,274,22
10,275,23
10,276,23
10,277,4
10,278,13
10,279,8
10,280,8
10,281,4
10,282,28
10,283,4
10,284,29
10,285,24
10,286,1
10,287,31
10,288,16
10,289,25
10,290,16
10,291,34
10,292,24
10,293,1
10,294,17
10,295,7
10,296,22
10,297,28
10,298,20
10,299,29
10,300,30
10,301,19
10,302,21
10,303,13
10,304,9
10,305,11
10,306,15
10,307,4
10,308,26
10,309,2
10,310,3
10,311,12
10,312,35
10,313,31
10,314,14
10,315,3
10,316,23
10,317,32
10,318,12
10,319,36
10,320,36
10,321,23
10,322,12
10,323,5
10,324,12
10,325,12
10,326,7
10,327,16
10,328,25
10,329,37
10,330,24
10,331,16
10,332,31
10,333,22
10,334,8
10,335,24
10,336,37
10,337,29
10,338,30
10,339,16
10,340,35
10,341,15
10,342,14
10,343,3
10,344,12
10,345,2
10,346,36
10,347,28
10,348,5
10,349,18
10,350,8
10,351,32
10,352,23
10,353,5
10,354,32
10,355,37
10,356,25
10,357,25
10,358,18
10,359,7
10,360,35
10,361,3
10,362,35
10,363,20
10,364,32
10,365,24
10,366,9
10,367,17
10,368,17
10,369,27
10,370,11
10,371,22
10,372,6
10,373,5
10,374,9
10,375,21
10,376,35
10,377,19
10,378,21
10,379,9
10,380,3
10,381,6
10,382,10
10,383,5
10,384,1
10,385,7
10,386,28
10,387,31
10,388,18
10,389,9
10,390,13
10,391,11
10,392,36
10,393,37
10,394,36
10,395,34
10,396,24
10,397,21
10,398,15
10,399,29
10,400,8
10,401,29
10,402,14
10,403,17
10,404,14
10,405,37
10,406,15
10,407,9
10,408,29
10,409,18
10,410,25
10,411,22
10,412,11
10,413,2
10,414,4
10,415,8
10,416,2
10,417,30
10,418,9
10,419,7
10,420,5
10,421,13
10,422,8
10,423,33
10,424,21
10,425,35
10,426,37
10,427,29
10,428,29
10,429,20
10,430,33
10,431,18
10,432,16
10,433,36
10,434,15
10,435,23
10,436,32
10,437,33
10,438,6
10,439,21
10,440,37
10,441,2
10,442,4
10,443,3
10,444,35
10,445,23
10,446,17
10,447,27
10,448,9
10,449,9
10,450,33
10,451,22
10,452,22
10,453,35
10,454,31
10,455,28
10,456,14
10,457,21
10,458,26
10,459,34
10,460,3
10,461,20
10,462,9
10,463,22
10,464,11
10,465,18
10,466,11
10,467,4
10,468,20
10,469,22
10,470,32
10,471,37
10,472,24
10,473,6
10,474,7
10,475,2
10,476,20
10,477,31
10,478,23
10,479,11
10,480,32
10,481,6
10,482,36
10,483,13
10,484,36
10,485,1
10,486,20
10,487,10
